Date,Open,High,Low,Close,Volume,Adj Close
2014-01-24,4.78,4.88,4.78,4.87,22000,4.87
2014-01-23,4.78,4.86,4.78,4.82,11600,4.82
2014-01-22,4.78,4.86,4.78,4.78,7600,4.78
2014-01-21,4.79,4.84,4.79,4.80,25800,4.80
2014-01-20,4.78,4.89,4.78,4.78,22800,4.78
2014-01-17,4.80,4.84,4.78,4.84,7600,4.84
2014-01-16,4.88,4.89,4.77,4.89,58900,4.89
2014-01-15,4.83,4.89,4.81,4.81,7800,4.81
2014-01-13,4.85,4.89,4.84,4.89,11500,4.89
2014-01-10,4.95,4.95,4.84,4.84,44000,4.84
2014-01-09,4.87,4.97,4.87,4.95,13800,4.95
2014-01-08,4.90,4.94,4.86,4.86,29600,4.86
2014-01-07,4.86,4.96,4.86,4.95,24400,4.95
2014-01-06,4.87,4.92,4.86,4.86,24700,4.86
2014-01-03,4.93,4.94,4.87,4.88,3700,4.88
2014-01-02,4.86,4.93,4.86,4.87,19100,4.87
2014-01-01,4.87,4.87,4.87,4.87,000,4.87
2013-12-31,4.85,4.98,4.84,4.87,7800,4.87
2013-12-30,4.84,4.98,4.82,4.95,13500,4.95
2013-12-27,4.78,4.85,4.78,4.85,14300,4.85
2013-12-26,4.75,4.75,4.75,4.75,000,4.75
2013-12-25,4.75,4.75,4.75,4.75,000,4.75
2013-12-24,4.78,4.78,4.70,4.75,3600,4.75
2013-12-23,4.78,4.80,4.69,4.77,17200,4.77
2013-12-20,4.68,4.76,4.64,4.65,55200,4.65
2013-12-19,4.66,4.76,4.65,4.69,33700,4.69
2013-12-18,4.82,4.82,4.66,4.69,67200,4.69
2013-12-17,4.68,4.75,4.68,4.69,23500,4.69
2013-12-16,4.72,4.72,4.67,4.68,15000,4.68
2013-12-13,4.72,4.72,4.65,4.72,10700,4.72
2013-12-12,4.82,4.82,4.65,4.76,46200,4.76
2013-12-11,4.73,4.81,4.73,4.80,341500,4.80
2013-12-10,4.71,4.74,4.65,4.74,62700,4.74
2013-12-09,4.71,4.78,4.70,4.74,34500,4.74
2013-12-06,4.76,4.81,4.72,4.72,103300,4.72
2013-12-05,4.84,4.84,4.76,4.80,12800,4.80
2013-12-04,4.89,4.89,4.75,4.80,19100,4.80
2013-12-03,4.79,4.87,4.75,4.75,87900,4.75
2013-12-02,4.90,4.95,4.78,4.78,84400,4.78
2013-11-29,4.95,5.00,4.90,4.90,25800,4.90
2013-11-28,4.94,5.05,4.90,4.94,381300,4.94
2013-11-27,4.81,4.95,4.81,4.90,23700,4.90
2013-11-26,4.85,4.88,4.81,4.85,13700,4.85
2013-11-25,4.79,4.88,4.79,4.88,12800,4.88
2013-11-22,4.78,4.84,4.78,4.79,1400,4.79
2013-11-21,4.77,4.87,4.77,4.77,29300,4.77
2013-11-20,4.77,4.87,4.77,4.77,16300,4.77
2013-11-19,4.78,4.90,4.78,4.80,75800,4.80
2013-11-18,4.80,4.85,4.75,4.78,51600,4.78
2013-11-15,4.73,4.83,4.73,4.75,14200,4.75
2013-11-14,4.72,4.80,4.70,4.70,62200,4.70
2013-11-13,4.80,4.80,4.70,4.72,34900,4.72
2013-11-12,4.81,4.83,4.80,4.80,20000,4.80
2013-11-11,4.82,4.85,4.80,4.80,42100,4.80
2013-11-08,4.84,4.89,4.82,4.82,7700,4.82
2013-11-07,4.86,4.89,4.85,4.87,49100,4.87
2013-11-06,4.83,4.93,4.83,4.86,53700,4.86
2013-11-05,4.81,4.90,4.81,4.83,15000,4.83
2013-11-04,4.90,4.93,4.80,4.81,29500,4.81
2013-11-01,4.99,4.99,4.86,4.90,234200,4.90
2013-10-31,4.86,4.94,4.86,4.94,30000,4.94
2013-10-30,4.80,5.00,4.80,4.85,20600,4.85
2013-10-29,5.00,5.00,4.80,4.80,42100,4.80
2013-10-28,4.90,5.08,4.82,5.00,273500,5.00
2013-10-25,4.75,4.92,4.74,4.87,81800,4.87
2013-10-24,4.70,4.72,4.67,4.72,21500,4.72
2013-10-23,4.65,4.72,4.65,4.67,25500,4.67
2013-10-22,4.74,4.74,4.65,4.65,14300,4.65
2013-10-21,4.75,4.75,4.67,4.67,30500,4.67
2013-10-18,4.65,4.77,4.65,4.67,16600,4.67
2013-10-17,4.70,4.77,4.65,4.70,42800,4.70
2013-10-16,4.65,4.70,4.65,4.67,29000,4.67
2013-10-15,4.61,4.75,4.61,4.65,19800,4.65
2013-10-14,4.65,4.65,4.60,4.65,14600,4.65
2013-10-11,4.62,4.64,4.59,4.63,77200,4.63
2013-10-10,4.59,4.66,4.59,4.62,28900,4.62
2013-10-09,4.62,4.63,4.59,4.59,54400,4.59
2013-10-08,4.70,4.74,4.60,4.63,26800,4.63
2013-10-07,4.63,4.75,4.61,4.70,31700,4.70
2013-10-04,4.62,4.69,4.62,4.69,22300,4.69
2013-10-03,4.64,4.64,4.61,4.63,9500,4.63
2013-10-02,4.64,4.68,4.63,4.68,13700,4.68
2013-10-01,4.65,4.70,4.63,4.64,26600,4.64
2013-09-30,4.66,4.68,4.65,4.66,11600,4.66
2013-09-27,4.69,4.74,4.66,4.68,27600,4.68
2013-09-26,4.66,4.69,4.66,4.68,12300,4.68
2013-09-25,4.66,4.70,4.65,4.65,8900,4.65
2013-09-24,4.69,4.70,4.65,4.70,20800,4.70
2013-09-23,4.65,4.69,4.61,4.65,14500,4.65
2013-09-20,4.65,4.69,4.63,4.65,34700,4.65
2013-09-19,4.61,4.75,4.61,4.69,89900,4.69
2013-09-18,4.61,4.71,4.59,4.60,85000,4.60
2013-09-17,4.61,4.70,4.60,4.60,57500,4.60
2013-09-16,4.65,4.70,4.65,4.70,15900,4.70
2013-09-13,4.60,4.65,4.60,4.65,738900,4.65
2013-09-12,4.61,4.68,4.60,4.60,30900,4.60
2013-09-11,4.49,4.72,4.49,4.64,50100,4.64
2013-09-10,4.40,4.58,4.35,4.49,51800,4.49
2013-09-09,4.30,4.46,4.30,4.40,51400,4.40
2013-09-06,4.56,4.68,4.54,4.59,82300,4.45
2013-09-05,4.72,4.72,4.59,4.59,47700,4.45
2013-09-04,4.79,4.79,4.62,4.70,78400,4.56
2013-09-03,4.69,4.80,4.69,4.80,46700,4.65
2013-09-02,4.67,4.74,4.60,4.68,62700,4.54
2013-08-30,4.62,4.69,4.59,4.65,75700,4.51
2013-08-29,4.69,4.69,4.56,4.65,12600,4.51
2013-08-28,4.56,4.70,4.56,4.69,55900,4.55
2013-08-27,4.59,4.59,4.54,4.56,44400,4.42
2013-08-26,4.70,4.70,4.56,4.59,39700,4.45
2013-08-23,4.60,4.68,4.57,4.65,15500,4.51
2013-08-22,4.59,4.60,4.55,4.60,30800,4.46
2013-08-21,4.55,4.64,4.55,4.59,34800,4.45
2013-08-20,4.70,4.70,4.56,4.56,77800,4.42
2013-08-19,4.65,4.67,4.58,4.59,41800,4.45
2013-08-16,4.65,4.65,4.60,4.63,129900,4.49
2013-08-15,4.67,4.67,4.63,4.65,23800,4.51
2013-08-14,4.64,4.67,4.64,4.65,31100,4.51
2013-08-13,4.62,4.71,4.62,4.64,35100,4.50
2013-08-12,4.63,4.73,4.61,4.68,26500,4.54
2013-08-09,4.56,4.68,4.56,4.68,16900,4.54
2013-08-08,4.63,4.63,4.55,4.57,7600,4.43
2013-08-07,4.63,4.63,4.55,4.57,26600,4.43
2013-08-06,4.55,4.65,4.55,4.63,28700,4.49
2013-08-05,4.73,4.73,4.55,4.55,72800,4.41
2013-08-02,4.60,4.71,4.58,4.68,49100,4.54
2013-08-01,4.55,4.60,4.54,4.55,38800,4.41
2013-07-31,4.59,4.59,4.55,4.55,37300,4.41
2013-07-30,4.57,4.60,4.55,4.59,78400,4.45
2013-07-29,4.60,4.60,4.54,4.58,35600,4.44
2013-07-26,4.47,4.60,4.47,4.53,62500,4.39
2013-07-25,4.35,4.53,4.35,4.43,69500,4.29
2013-07-24,4.33,4.35,4.30,4.35,49600,4.22
2013-07-23,4.35,4.35,4.33,4.34,35400,4.21
2013-07-22,4.34,4.35,4.33,4.35,77600,4.22
2013-07-19,4.34,4.35,4.32,4.35,124000,4.22
2013-07-18,4.35,4.36,4.33,4.34,69300,4.21
2013-07-17,4.35,4.36,4.32,4.32,33800,4.19
2013-07-16,4.35,4.37,4.29,4.35,78800,4.22
2013-07-15,4.35,4.35,4.29,4.35,31800,4.22
2013-07-12,4.34,4.36,4.30,4.30,78200,4.17
2013-07-11,4.37,4.38,4.34,4.36,136800,4.23
2013-07-10,4.32,4.39,4.32,4.36,7600,4.23
2013-07-09,4.35,4.39,4.32,4.32,245400,4.19
2013-07-08,4.32,4.38,4.32,4.35,69900,4.22
2013-07-05,4.35,4.35,4.29,4.32,24600,4.19
2013-07-04,4.33,4.36,4.29,4.35,66500,4.22
2013-07-03,4.30,4.37,4.28,4.29,60600,4.16
2013-07-02,4.26,4.37,4.25,4.28,30900,4.15
2013-07-01,4.30,4.37,4.27,4.35,20000,4.22
2013-06-28,4.29,4.34,4.17,4.24,47100,4.11
2013-06-27,4.20,4.31,4.18,4.30,67500,4.17
2013-06-26,4.18,4.20,4.18,4.18,7300,4.05
2013-06-25,4.29,4.29,4.17,4.18,26400,4.05
2013-06-24,4.22,4.30,4.18,4.30,47800,4.17
2013-06-21,4.14,4.23,4.14,4.17,78000,4.04
2013-06-20,4.20,4.20,4.14,4.14,33100,4.01
2013-06-19,4.25,4.25,4.20,4.21,41600,4.08
2013-06-18,4.27,4.27,4.14,4.14,59000,4.01
2013-06-17,4.17,4.26,4.11,4.26,55500,4.13
2013-06-14,4.15,4.25,4.10,4.17,48000,4.04
2013-06-13,4.18,4.20,4.01,4.10,96300,3.97
2013-06-12,4.22,4.22,4.03,4.18,67900,4.05
2013-06-11,4.27,4.27,4.20,4.22,28000,4.09
2013-06-10,4.27,4.27,4.27,4.27,000,4.14
2013-06-07,4.35,4.35,4.10,4.27,51700,4.14
2013-06-06,4.36,4.38,4.29,4.35,86200,4.22
2013-06-05,4.49,4.49,4.43,4.44,33200,4.30
2013-06-04,4.39,4.52,4.37,4.52,238500,4.38
2013-06-03,4.49,4.51,4.37,4.48,72000,4.34
2013-05-31,4.62,4.62,4.52,4.55,25700,4.41
2013-05-30,4.55,4.65,4.55,4.62,26100,4.48
2013-05-29,4.67,4.67,4.52,4.57,27900,4.43
2013-05-28,4.63,4.65,4.47,4.65,707900,4.51
2013-05-27,4.45,4.62,4.36,4.62,117900,4.48
2013-05-24,4.50,4.59,4.40,4.53,134300,4.39
2013-05-23,4.62,4.63,4.55,4.63,69000,4.49
2013-05-22,4.66,4.70,4.61,4.63,527400,4.49
2013-05-21,4.71,4.72,4.62,4.66,76400,4.52
2013-05-20,4.75,4.75,4.68,4.70,61900,4.56
2013-05-17,4.72,4.75,4.66,4.74,817500,4.60
2013-05-16,4.71,4.74,4.71,4.71,23900,4.57
2013-05-15,4.74,4.78,4.71,4.71,52500,4.57
2013-05-14,4.73,4.80,4.71,4.74,113500,4.60
2013-05-13,4.66,4.78,4.66,4.74,114000,4.60
2013-05-10,4.77,4.80,4.66,4.66,67700,4.52
2013-05-09,4.85,4.85,4.74,4.75,36700,4.61
2013-05-08,4.78,4.89,4.78,4.85,154800,4.70
2013-05-07,4.76,4.99,4.74,4.82,60700,4.67
2013-05-06,4.80,4.85,4.77,4.81,123500,4.66
2013-05-03,4.67,4.82,4.65,4.75,170000,4.61
2013-05-02,4.63,4.67,4.61,4.66,89000,4.52
2013-05-01,4.44,4.69,4.44,4.69,165700,4.55
2013-04-30,4.48,4.51,4.40,4.47,104100,4.33
2013-04-29,4.50,4.55,4.44,4.48,104300,4.34
2013-04-26,4.44,4.50,4.41,4.50,50500,4.36
2013-04-25,4.45,4.45,4.45,4.45,000,4.31
2013-04-24,4.35,4.45,4.35,4.45,67100,4.31
2013-04-23,4.35,4.36,4.30,4.35,2450500,4.22
2013-04-22,4.31,4.38,4.31,4.36,4100,4.23
2013-04-19,4.31,4.37,4.31,4.31,16500,4.18
2013-04-18,4.39,4.40,4.30,4.30,23600,4.17
2013-04-17,4.40,4.40,4.31,4.33,20800,4.20
2013-04-16,4.34,4.40,4.30,4.39,45500,4.26
2013-04-15,4.40,4.40,4.35,4.36,25200,4.23
2013-04-12,4.40,4.41,4.37,4.39,49200,4.26
2013-04-11,4.44,4.44,4.38,4.40,99700,4.27
2013-04-10,4.42,4.45,4.40,4.45,92500,4.31
2013-04-09,4.43,4.43,4.38,4.41,31500,4.28
2013-04-08,4.43,4.44,4.38,4.43,13100,4.29
2013-04-05,4.45,4.47,4.41,4.45,31700,4.31
2013-04-04,4.50,4.50,4.42,4.45,9600,4.31
2013-04-03,4.50,4.53,4.48,4.50,139900,4.36
2013-04-02,4.49,4.56,4.42,4.50,44100,4.36
2013-04-01,4.50,4.50,4.50,4.50,000,4.36
2013-03-29,4.50,4.50,4.50,4.50,000,4.36
2013-03-28,4.50,4.54,4.50,4.50,26800,4.36
2013-03-27,4.45,4.49,4.45,4.49,16600,4.35
2013-03-26,4.40,4.45,4.40,4.44,81200,4.30
2013-03-25,4.45,4.47,4.35,4.40,44300,4.27
2013-03-22,4.42,4.47,4.41,4.45,72200,4.31
2013-03-21,4.39,4.42,4.35,4.37,38500,4.24
2013-03-20,4.36,4.39,4.32,4.39,64300,4.26
2013-03-19,4.39,4.39,4.30,4.35,44300,4.22
2013-03-18,4.30,4.33,4.26,4.33,26400,4.20
2013-03-15,4.36,4.43,4.30,4.42,58400,4.29
2013-03-14,4.45,4.45,4.35,4.38,71400,4.25
2013-03-13,4.40,4.45,4.35,4.44,1379300,4.30
2013-03-12,4.40,4.45,4.35,4.45,38000,4.31
2013-03-11,4.39,4.45,4.35,4.45,14000,4.31
2013-03-08,4.35,4.40,4.35,4.36,35800,4.23
2013-03-07,4.30,4.38,4.30,4.35,86000,4.22
2013-03-06,4.45,4.49,4.44,4.45,168300,4.18
2013-03-05,4.44,4.46,4.43,4.45,82000,4.18
2013-03-04,4.40,4.45,4.40,4.44,181200,4.17
2013-03-01,4.49,4.49,4.40,4.40,61500,4.13
2013-02-28,4.23,4.49,4.23,4.45,183800,4.18
2013-02-27,4.01,4.22,4.01,4.18,198500,3.93
2013-02-26,4.00,4.00,3.98,4.00,185200,3.76
2013-02-25,4.01,4.01,3.98,4.00,38600,3.76
2013-02-22,4.05,4.06,3.96,4.00,95300,3.76
2013-02-21,4.04,4.06,4.03,4.03,26800,3.78
2013-02-20,4.05,4.07,4.02,4.03,49400,3.78
2013-02-19,4.02,4.08,4.00,4.05,51400,3.80
2013-02-18,4.06,4.10,4.02,4.02,65600,3.77
2013-02-15,4.11,4.11,4.05,4.05,28900,3.80
2013-02-14,4.08,4.10,4.05,4.09,1247800,3.84
2013-02-13,4.05,4.13,4.05,4.08,28800,3.83
2013-02-12,4.01,4.06,4.01,4.03,72900,3.78
2013-02-11,4.04,4.04,3.99,4.01,15600,3.77
2013-02-08,4.01,4.04,3.97,3.99,27500,3.75
2013-02-07,4.01,4.05,3.95,4.01,64500,3.77
2013-02-06,3.95,4.05,3.95,4.05,69300,3.80
2013-02-05,3.95,4.00,3.93,4.00,23700,3.76
2013-02-04,3.96,4.04,3.88,3.95,52500,3.71
2013-02-01,3.89,3.96,3.88,3.95,46500,3.71
2013-01-31,3.80,3.89,3.80,3.89,56000,3.65
2013-01-30,3.80,3.82,3.76,3.80,96200,3.57
2013-01-29,3.72,3.83,3.71,3.80,57800,3.57
2013-01-28,3.70,3.70,3.70,3.70,000,3.47
2013-01-25,3.73,3.73,3.70,3.70,56000,3.47
2013-01-24,3.72,3.75,3.72,3.73,30900,3.50
2013-01-23,3.70,3.75,3.70,3.75,105400,3.52
2013-01-22,3.73,3.73,3.69,3.73,84000,3.50
2013-01-21,3.72,3.74,3.70,3.73,30100,3.50
2013-01-18,3.68,3.75,3.68,3.74,51800,3.51
2013-01-17,3.69,3.72,3.67,3.70,50300,3.47
2013-01-16,3.70,3.74,3.69,3.72,35500,3.49
2013-01-15,3.66,3.75,3.66,3.72,40100,3.49
2013-01-14,3.62,3.67,3.62,3.66,63200,3.44
2013-01-11,3.62,3.66,3.60,3.64,68000,3.42
2013-01-10,3.60,3.64,3.57,3.60,23900,3.38
2013-01-09,3.60,3.64,3.58,3.64,22300,3.42
2013-01-08,3.56,3.64,3.56,3.60,35200,3.38
2013-01-07,3.66,3.66,3.54,3.57,53800,3.35
2013-01-04,3.62,3.70,3.62,3.70,33900,3.47
2013-01-03,3.65,3.65,3.59,3.62,14900,3.40
2013-01-02,3.54,3.65,3.54,3.65,54000,3.43
2013-01-01,3.53,3.53,3.53,3.53,000,3.31
2012-12-31,3.53,3.53,3.53,3.53,2400,3.31
2012-12-28,3.58,3.58,3.53,3.53,8900,3.31
2012-12-27,3.54,3.54,3.52,3.53,5500,3.31
2012-12-26,3.58,3.58,3.58,3.58,000,3.36
2012-12-25,3.58,3.58,3.58,3.58,000,3.36
2012-12-24,3.53,3.58,3.53,3.58,23400,3.36
2012-12-21,3.53,3.55,3.52,3.55,40200,3.33
2012-12-20,3.55,3.55,3.53,3.55,91400,3.33
2012-12-19,3.54,3.58,3.53,3.58,81400,3.36
2012-12-18,3.56,3.56,3.50,3.55,87700,3.33
2012-12-17,3.50,3.57,3.50,3.51,17400,3.30
2012-12-14,3.55,3.57,3.50,3.54,40900,3.32
2012-12-13,3.60,3.60,3.55,3.60,85600,3.38
2012-12-12,3.63,3.64,3.58,3.59,97500,3.37
2012-12-11,3.66,3.66,3.62,3.63,16000,3.41
2012-12-10,3.63,3.68,3.63,3.65,13000,3.43
2012-12-07,3.62,3.62,3.58,3.62,14000,3.40
2012-12-06,3.64,3.65,3.62,3.62,29500,3.40
2012-12-05,3.65,3.65,3.62,3.64,24200,3.42
2012-12-04,3.54,3.65,3.54,3.60,29500,3.38
2012-12-03,3.55,3.60,3.52,3.53,81100,3.31
2012-11-30,3.55,3.57,3.50,3.57,42400,3.35
2012-11-29,3.55,3.58,3.51,3.56,35400,3.34
2012-11-28,3.57,3.58,3.53,3.57,43600,3.35
2012-11-27,3.60,3.60,3.57,3.60,11400,3.38
2012-11-26,3.60,3.61,3.58,3.60,27500,3.38
2012-11-23,3.65,3.65,3.61,3.61,24200,3.39
2012-11-22,3.60,3.65,3.58,3.65,40900,3.43
2012-11-21,3.60,3.62,3.57,3.62,27700,3.40
2012-11-20,3.57,3.62,3.57,3.62,33200,3.40
2012-11-19,3.58,3.62,3.56,3.62,65200,3.40
2012-11-16,3.65,3.68,3.58,3.65,12400,3.43
2012-11-15,3.57,3.68,3.57,3.68,10500,3.46
2012-11-14,3.55,3.70,3.55,3.68,29300,3.46
2012-11-13,3.59,3.62,3.55,3.60,43800,3.38
2012-11-12,3.66,3.66,3.58,3.62,33700,3.40
2012-11-09,3.66,3.70,3.66,3.66,11200,3.44
2012-11-08,3.68,3.71,3.66,3.68,34800,3.46
2012-11-07,3.74,3.75,3.68,3.75,29900,3.52
2012-11-06,3.75,3.76,3.73,3.75,54400,3.52
2012-11-05,3.75,3.80,3.71,3.75,80600,3.52
2012-11-02,3.70,3.75,3.70,3.75,21300,3.52
2012-11-01,3.70,3.72,3.68,3.72,229400,3.49
2012-10-31,3.71,3.75,3.69,3.75,41600,3.52
2012-10-30,3.68,3.80,3.68,3.70,61000,3.47
2012-10-29,3.65,3.73,3.64,3.69,55300,3.46
2012-10-26,3.59,3.68,3.57,3.62,99200,3.40
2012-10-25,3.55,3.60,3.50,3.60,114600,3.38
2012-10-24,3.56,3.56,3.54,3.54,70000,3.32
2012-10-23,3.55,3.57,3.55,3.57,59200,3.35
2012-10-22,3.50,3.55,3.50,3.54,70500,3.32
2012-10-19,3.51,3.56,3.50,3.55,87100,3.33
2012-10-18,3.53,3.55,3.52,3.55,71600,3.33
2012-10-17,3.49,3.55,3.49,3.50,52500,3.29
2012-10-16,3.44,3.48,3.44,3.48,42800,3.27
2012-10-15,3.41,3.46,3.39,3.44,53600,3.23
2012-10-12,3.40,3.42,3.40,3.41,26400,3.20
2012-10-11,3.41,3.42,3.38,3.42,21800,3.21
2012-10-10,3.42,3.42,3.38,3.39,33100,3.18
2012-10-09,3.44,3.44,3.39,3.41,35900,3.20
2012-10-08,3.45,3.48,3.44,3.44,62800,3.23
2012-10-05,3.44,3.50,3.44,3.46,83300,3.25
2012-10-04,3.43,3.50,3.41,3.44,77900,3.23
2012-10-03,3.42,3.45,3.40,3.41,37900,3.20
2012-10-02,3.42,3.42,3.39,3.42,55400,3.21
2012-10-01,3.40,3.42,3.40,3.41,5100,3.20
2012-09-28,3.39,3.42,3.39,3.40,76600,3.19
2012-09-27,3.33,3.41,3.32,3.38,61700,3.17
2012-09-26,3.35,3.35,3.32,3.32,8900,3.12
2012-09-25,3.34,3.36,3.33,3.35,11000,3.15
2012-09-24,3.32,3.36,3.32,3.33,19800,3.13
2012-09-21,3.31,3.38,3.31,3.32,8100,3.12
2012-09-20,3.30,3.31,3.27,3.31,8100,3.11
2012-09-19,3.28,3.31,3.28,3.31,6700,3.11
2012-09-18,3.35,3.37,3.35,3.35,16500,3.15
2012-09-17,3.35,3.38,3.30,3.38,47800,3.17
2012-09-14,3.35,3.38,3.31,3.35,31100,3.15
2012-09-13,3.21,3.30,3.21,3.30,23300,3.10
2012-09-12,3.18,3.22,3.17,3.22,126100,3.02
2012-09-11,3.16,3.19,3.16,3.16,12800,2.97
2012-09-10,3.12,3.19,3.08,3.16,52200,2.97
2012-09-07,3.20,3.21,3.10,3.11,66800,2.92
2012-09-06,3.17,3.20,3.17,3.20,10800,3.00
2012-09-05,3.22,3.22,3.17,3.20,38600,3.00
2012-09-04,3.25,3.30,3.22,3.25,13700,3.05
2012-09-03,3.25,3.26,3.21,3.25,21400,3.05
2012-08-31,3.39,3.39,3.30,3.30,20200,3.10
2012-08-30,3.55,3.56,3.48,3.56,66700,3.21
2012-08-29,3.34,3.59,3.34,3.52,60300,3.18
2012-08-28,3.27,3.34,3.26,3.34,8500,3.01
2012-08-27,3.36,3.36,3.27,3.27,10500,2.95
2012-08-24,3.41,3.41,3.31,3.33,38800,3.00
2012-08-23,3.43,3.46,3.42,3.42,49600,3.09
2012-08-22,3.40,3.43,3.40,3.43,8900,3.09
2012-08-21,3.41,3.43,3.40,3.40,24000,3.07
2012-08-20,3.39,3.41,3.39,3.40,24000,3.07
2012-08-17,3.35,3.39,3.34,3.39,17000,3.06
2012-08-16,3.33,3.35,3.33,3.34,18400,3.01
2012-08-15,3.35,3.36,3.33,3.33,18100,3.00
2012-08-14,3.33,3.36,3.32,3.34,23700,3.01
2012-08-13,3.40,3.40,3.33,3.33,23000,3.00
2012-08-10,3.37,3.40,3.37,3.40,21900,3.07
2012-08-09,3.32,3.40,3.32,3.34,49200,3.01
2012-08-08,3.30,3.33,3.30,3.32,13700,2.99
2012-08-07,3.27,3.40,3.27,3.32,34500,2.99
2012-08-06,3.30,3.34,3.27,3.27,47100,2.95
2012-08-03,3.28,3.28,3.27,3.27,13500,2.95
2012-08-02,3.28,3.34,3.28,3.28,39300,2.96
2012-08-01,3.28,3.30,3.27,3.30,14200,2.98
2012-07-31,3.31,3.32,3.27,3.32,25500,2.99
2012-07-30,3.30,3.36,3.28,3.28,15500,2.96
2012-07-27,3.25,3.31,3.25,3.30,24600,2.98
2012-07-26,3.28,3.30,3.23,3.23,35000,2.91
2012-07-25,3.31,3.36,3.28,3.28,38800,2.96
2012-07-24,3.28,3.33,3.28,3.33,26200,3.00
2012-07-23,3.21,3.27,3.21,3.27,33800,2.95
2012-07-20,3.19,3.20,3.17,3.20,23900,2.89
2012-07-19,3.18,3.19,3.16,3.17,8600,2.86
2012-07-18,3.12,3.17,3.12,3.17,17300,2.86
2012-07-17,3.12,3.15,3.11,3.15,29900,2.84
2012-07-16,3.08,3.11,3.08,3.11,6900,2.81
2012-07-13,3.05,3.10,3.02,3.07,62500,2.77
2012-07-12,3.10,3.10,3.05,3.05,40500,2.75
2012-07-11,3.10,3.13,3.09,3.09,19800,2.79
2012-07-10,3.09,3.09,3.08,3.09,11200,2.79
2012-07-09,3.09,3.10,3.08,3.08,37700,2.78
2012-07-06,3.06,3.09,3.06,3.08,64000,2.78
2012-07-05,3.07,3.08,3.06,3.06,63200,2.76
2012-07-04,3.09,3.10,3.06,3.08,38800,2.78
2012-07-03,3.09,3.09,3.06,3.06,55800,2.76
2012-07-02,3.06,3.07,3.06,3.07,31400,2.77
2012-06-29,3.05,3.05,3.04,3.05,12700,2.75
2012-06-28,3.05,3.06,3.05,3.05,17800,2.75
2012-06-27,3.06,3.06,3.03,3.06,61100,2.76
2012-06-26,3.04,3.06,3.00,3.01,92000,2.72
2012-06-25,3.10,3.10,3.03,3.04,9900,2.74
2012-06-22,3.06,3.10,3.01,3.10,29000,2.80
2012-06-21,3.01,3.10,3.01,3.08,86500,2.78
2012-06-20,3.04,3.04,3.00,3.01,42700,2.72
2012-06-19,2.98,3.04,2.98,3.04,52000,2.74
2012-06-18,2.98,3.03,2.90,2.95,664800,2.66
2012-06-15,3.00,3.00,2.97,3.00,109300,2.71
2012-06-14,3.01,3.05,2.98,3.03,61600,2.73
2012-06-13,3.08,3.08,3.03,3.06,52400,2.76
2012-06-12,3.09,3.10,3.05,3.08,64800,2.78
2012-06-11,3.12,3.12,3.12,3.12,000,2.81
2012-06-08,3.13,3.13,3.12,3.12,20400,2.81
2012-06-07,3.14,3.15,3.12,3.14,18200,2.83
2012-06-06,3.07,3.15,3.04,3.15,4200,2.84
2012-06-05,3.00,3.06,3.00,3.02,13100,2.72
2012-06-04,3.06,3.06,2.94,3.00,38900,2.71
2012-06-01,3.10,3.19,3.08,3.08,71900,2.78
2012-05-31,3.09,3.16,3.09,3.10,11400,2.80
2012-05-30,3.11,3.13,3.08,3.08,46400,2.78
2012-05-29,3.20,3.20,3.09,3.11,38300,2.81
2012-05-28,3.25,3.30,3.20,3.20,43500,2.89
2012-05-25,3.23,3.30,3.21,3.30,16300,2.98
2012-05-24,3.19,3.21,3.19,3.19,21000,2.88
2012-05-23,3.11,3.15,3.11,3.14,23800,2.83
2012-05-22,3.00,3.14,3.00,3.10,47000,2.80
2012-05-21,2.94,2.97,2.93,2.94,27600,2.65
2012-05-18,2.91,2.94,2.90,2.94,41200,2.65
2012-05-17,2.85,2.92,2.85,2.87,77000,2.59
2012-05-16,2.90,2.90,2.80,2.86,44600,2.58
2012-05-15,2.99,2.99,2.90,2.97,62000,2.68
2012-05-14,2.99,3.00,2.99,3.00,3600,2.71
2012-05-11,3.01,3.03,2.95,3.02,112700,2.72
2012-05-10,3.08,3.11,3.02,3.02,39000,2.72
2012-05-09,3.15,3.15,3.10,3.10,30800,2.80
2012-05-08,3.12,3.16,3.12,3.15,94500,2.84
2012-05-07,3.15,3.17,3.07,3.10,41500,2.80
2012-05-04,3.15,3.16,3.14,3.15,53600,2.84
2012-05-03,3.15,3.25,3.15,3.15,69400,2.84
2012-05-02,3.18,3.20,3.15,3.15,57300,2.84
2012-05-01,3.15,3.17,3.11,3.17,96000,2.86
2012-04-30,3.19,3.20,3.15,3.15,565400,2.84
2012-04-27,3.22,3.22,3.19,3.19,30600,2.88
2012-04-26,3.25,3.25,3.20,3.22,30300,2.90
2012-04-25,3.25,3.25,3.25,3.25,000,2.93
2012-04-24,3.20,3.25,3.20,3.25,54400,2.93
2012-04-23,3.23,3.25,3.19,3.25,539100,2.93
2012-04-20,3.16,3.18,3.10,3.18,46300,2.87
2012-04-19,3.25,3.25,3.05,3.16,116800,2.85
2012-04-18,3.27,3.29,3.25,3.25,53000,2.93
2012-04-17,3.28,3.29,3.27,3.27,17700,2.95
2012-04-16,3.28,3.30,3.28,3.30,17700,2.98
2012-04-13,3.27,3.27,3.27,3.27,15900,2.95
2012-04-12,3.25,3.28,3.25,3.27,2900,2.95
2012-04-11,3.29,3.29,3.25,3.28,17700,2.96
2012-04-10,3.29,3.30,3.25,3.28,40200,2.96
2012-04-09,3.29,3.29,3.29,3.29,000,2.97
2012-04-06,3.29,3.29,3.29,3.29,000,2.97
2012-04-05,3.27,3.29,3.25,3.29,21700,2.97
2012-04-04,3.29,3.30,3.28,3.30,32100,2.98
2012-04-03,3.27,3.30,3.27,3.30,17400,2.98
2012-04-02,3.30,3.30,3.27,3.30,104000,2.98
2012-03-30,3.26,3.30,3.26,3.30,22300,2.98
2012-03-29,3.27,3.29,3.24,3.26,17500,2.94
2012-03-28,3.30,3.30,3.26,3.27,116900,2.95
2012-03-27,3.33,3.39,3.25,3.30,78100,2.98
2012-03-26,3.30,3.36,3.30,3.33,10800,3.00
2012-03-23,3.36,3.36,3.30,3.30,56900,2.98
2012-03-22,3.35,3.35,3.33,3.35,30900,3.02
2012-03-21,3.36,3.37,3.33,3.36,29200,3.03
2012-03-20,3.40,3.43,3.35,3.35,102400,3.02
2012-03-19,3.37,3.40,3.35,3.40,38000,3.07
2012-03-16,3.36,3.39,3.31,3.35,19600,3.02
2012-03-15,3.36,3.36,3.31,3.31,45500,2.99
2012-03-14,3.38,3.38,3.36,3.36,510100,3.03
2012-03-13,3.36,3.38,3.35,3.36,26500,3.03
2012-03-12,3.37,3.43,3.36,3.36,18100,3.03
2012-03-09,3.37,3.38,3.35,3.35,22400,3.02
2012-03-08,3.32,3.40,3.32,3.37,9400,3.04
2012-03-07,3.41,3.44,3.30,3.30,35900,2.98
2012-03-06,3.41,3.43,3.41,3.41,26300,3.08
2012-03-05,3.45,3.45,3.40,3.44,55100,3.10
2012-03-02,3.46,3.47,3.45,3.45,33500,3.11
2012-03-01,3.45,3.48,3.44,3.48,29400,3.14
2012-02-29,3.50,3.50,3.45,3.50,102600,3.16
2012-02-28,3.56,3.60,3.40,3.50,101900,3.16
2012-02-27,3.46,3.55,3.41,3.55,37900,3.20
2012-02-24,3.55,3.55,3.46,3.46,49600,3.12
2012-02-23,3.53,3.55,3.51,3.54,11600,3.19
2012-02-22,3.53,3.65,3.53,3.60,47400,3.25
2012-02-21,3.57,3.59,3.53,3.53,23200,3.18
2012-02-20,3.50,3.58,3.49,3.57,27800,3.22
2012-02-17,3.50,3.51,3.48,3.50,27200,3.16
2012-02-16,3.46,3.51,3.46,3.46,24000,3.12
2012-02-15,3.46,3.48,3.46,3.46,6100,3.12
2012-02-14,3.46,3.48,3.45,3.48,20000,3.14
2012-02-13,3.43,3.47,3.43,3.46,15400,3.12
2012-02-10,3.42,3.46,3.41,3.46,28400,3.12
2012-02-09,3.43,3.45,3.41,3.45,19100,3.11
2012-02-08,3.44,3.44,3.41,3.44,22600,3.10
2012-02-07,3.45,3.45,3.41,3.44,15500,3.10
2012-02-06,3.43,3.45,3.39,3.45,15800,3.11
2012-02-03,3.49,3.51,3.47,3.47,25500,3.13
2012-02-02,3.43,3.46,3.43,3.46,5700,3.12
2012-02-01,3.40,3.46,3.39,3.39,35700,3.06
2012-01-31,3.40,3.43,3.40,3.43,4600,3.09
2012-01-30,3.43,3.50,3.39,3.39,25000,3.06
2012-01-27,3.39,3.41,3.39,3.40,23600,3.07
2012-01-26,3.41,3.41,3.41,3.41,000,3.08
2012-01-25,3.40,3.41,3.39,3.41,11300,3.08
2012-01-24,3.40,3.41,3.39,3.41,20900,3.08
2012-01-23,3.41,3.41,3.38,3.39,19400,3.06
2012-01-20,3.40,3.41,3.39,3.39,17400,3.06
2012-01-19,3.40,3.41,3.40,3.40,5900,3.07
2012-01-18,3.38,3.41,3.38,3.41,19200,3.08
2012-01-17,3.42,3.44,3.38,3.40,39500,3.07
2012-01-16,3.42,3.45,3.40,3.40,48200,3.07
2012-01-13,3.40,3.45,3.40,3.45,14600,3.11
2012-01-12,3.40,3.44,3.38,3.40,42300,3.07
2012-01-11,3.41,3.42,3.40,3.42,6500,3.09
2012-01-10,3.42,3.42,3.37,3.42,14000,3.09
2012-01-09,3.48,3.48,3.40,3.40,5400,3.07
2012-01-06,3.40,3.40,3.38,3.38,5800,3.05
2012-01-05,3.42,3.42,3.37,3.37,6000,3.04
2012-01-04,3.43,3.43,3.37,3.37,8100,3.04
2012-01-03,3.36,3.39,3.35,3.39,5300,3.06
2012-01-02,3.36,3.36,3.36,3.36,000,3.03
2011-12-30,3.36,3.37,3.36,3.36,8700,3.03
2011-12-29,3.36,3.36,3.36,3.36,300,3.03
2011-12-28,3.40,3.40,3.35,3.35,4000,3.02
2011-12-27,3.38,3.38,3.38,3.38,000,3.05
2011-12-26,3.38,3.38,3.38,3.38,000,3.05
2011-12-23,3.35,3.36,3.35,3.35,4000,3.02
2011-12-22,3.41,3.41,3.38,3.38,7200,3.05
2011-12-21,3.35,3.48,3.35,3.41,19900,3.08
2011-12-20,3.30,3.35,3.28,3.33,38200,3.00
2011-12-19,3.49,3.49,3.35,3.35,84800,3.02
2011-12-16,3.50,3.52,3.49,3.49,22400,3.15
2011-12-15,3.53,3.53,3.50,3.50,39600,3.16
2011-12-14,3.63,3.63,3.53,3.53,38300,3.18
2011-12-13,3.57,3.65,3.56,3.63,72900,3.27
2011-12-12,3.60,3.60,3.57,3.57,25800,3.22
2011-12-09,3.57,3.60,3.57,3.59,11200,3.24
2011-12-08,3.57,3.57,3.57,3.57,7100,3.22
2011-12-07,3.56,3.56,3.51,3.52,6000,3.18
2011-12-06,3.62,3.62,3.52,3.60,55400,3.25
2011-12-05,3.57,3.65,3.57,3.61,1900,3.26
2011-12-02,3.42,3.73,3.42,3.53,19600,3.18
2011-12-01,3.42,3.45,3.42,3.42,12900,3.09
2011-11-30,3.50,3.50,3.41,3.42,16700,3.09
2011-11-29,3.57,3.57,3.46,3.46,125500,3.12
2011-11-28,3.58,3.59,3.57,3.57,11300,3.22
2011-11-25,3.57,3.60,3.57,3.58,50200,3.23
2011-11-24,3.65,3.65,3.57,3.58,23000,3.23
2011-11-23,3.80,3.85,3.67,3.72,34300,3.23
2011-11-22,3.80,3.88,3.80,3.80,14900,3.30
2011-11-21,3.80,3.87,3.78,3.80,20900,3.30
2011-11-18,3.70,3.80,3.70,3.77,28000,3.27
2011-11-17,3.74,3.74,3.72,3.73,326400,3.24
2011-11-16,3.70,3.75,3.70,3.74,105500,3.25
2011-11-15,3.61,3.78,3.61,3.67,44400,3.19
2011-11-14,3.60,3.70,3.60,3.60,63500,3.13
2011-11-11,3.59,3.62,3.57,3.60,9800,3.13
2011-11-10,3.56,3.58,3.55,3.58,36800,3.11
2011-11-09,3.58,3.60,3.55,3.55,56500,3.08
2011-11-08,3.56,3.60,3.56,3.60,30000,3.13
2011-11-07,3.61,3.61,3.56,3.56,12400,3.09
2011-11-04,3.60,3.63,3.60,3.61,12300,3.13
2011-11-03,3.60,3.60,3.57,3.57,8200,3.10
2011-11-02,3.68,3.68,3.58,3.58,32400,3.11
2011-11-01,3.62,3.65,3.60,3.65,14000,3.17
2011-10-31,3.65,3.65,3.63,3.65,13200,3.17
2011-10-28,3.62,3.67,3.62,3.65,21700,3.17
2011-10-27,3.63,3.63,3.60,3.60,13600,3.13
2011-10-26,3.61,3.69,3.58,3.61,9600,3.13
2011-10-25,3.58,3.61,3.57,3.60,6200,3.13
2011-10-24,3.58,3.60,3.58,3.60,2700,3.13
2011-10-21,3.63,3.63,3.57,3.57,2300,3.10
2011-10-20,3.66,3.66,3.64,3.64,1900,3.16
2011-10-19,3.66,3.66,3.66,3.66,700,3.18
2011-10-18,3.68,3.69,3.61,3.61,10000,3.13
2011-10-17,3.70,3.79,3.67,3.68,13100,3.19
2011-10-14,3.66,3.67,3.65,3.66,5100,3.18
2011-10-13,3.70,3.79,3.67,3.67,5600,3.19
2011-10-12,3.79,3.83,3.66,3.66,5500,3.18
2011-10-11,3.70,3.80,3.69,3.79,12300,3.29
2011-10-10,3.59,3.68,3.59,3.68,31000,3.19
2011-10-07,3.55,3.59,3.55,3.59,1800,3.12
2011-10-06,3.55,3.56,3.55,3.55,40400,3.08
2011-10-05,3.56,3.56,3.55,3.55,107100,3.08
2011-10-04,3.55,3.59,3.55,3.56,16500,3.09
2011-10-03,3.55,3.60,3.55,3.55,69700,3.08
2011-09-30,3.56,3.60,3.55,3.55,10100,3.08
2011-09-29,3.56,3.60,3.56,3.60,12900,3.13
2011-09-28,3.56,3.57,3.55,3.56,211200,3.09
2011-09-27,3.56,3.58,3.55,3.55,24900,3.08
2011-09-26,3.55,3.57,3.55,3.55,26200,3.08
2011-09-23,3.56,3.58,3.55,3.58,7900,3.11
2011-09-22,3.54,3.56,3.53,3.55,92600,3.08
2011-09-21,3.56,3.56,3.55,3.55,16600,3.08
2011-09-20,3.55,3.56,3.55,3.56,8100,3.09
2011-09-19,3.55,3.55,3.55,3.55,2700,3.08
2011-09-16,3.55,3.55,3.55,3.55,14400,3.08
2011-09-15,3.56,3.57,3.55,3.55,102400,3.08
2011-09-14,3.57,3.57,3.56,3.56,1500,3.09
2011-09-13,3.55,3.60,3.55,3.56,22400,3.09
2011-09-12,3.56,3.56,3.50,3.55,113400,3.08
2011-09-09,3.56,3.59,3.56,3.59,16600,3.12
2011-09-08,3.58,3.59,3.55,3.56,10200,3.09
2011-09-07,3.56,3.56,3.55,3.55,10200,3.08
2011-09-06,3.55,3.60,3.55,3.55,1136800,3.08
2011-09-05,3.67,3.67,3.54,3.56,103600,3.09
2011-09-02,3.70,3.75,3.67,3.70,55700,3.08
2011-09-01,3.67,3.75,3.65,3.67,67200,3.06
2011-08-31,3.55,3.73,3.50,3.62,67900,3.02
2011-08-30,3.55,3.55,3.50,3.50,13800,2.92
2011-08-29,3.56,3.56,3.56,3.56,10900,2.97
2011-08-26,3.55,3.56,3.55,3.56,9400,2.97
2011-08-25,3.54,3.58,3.54,3.56,6000,2.97
2011-08-24,3.55,3.57,3.55,3.55,31200,2.96
2011-08-23,3.55,3.55,3.55,3.55,11900,2.96
2011-08-22,3.50,3.55,3.50,3.55,9600,2.96
2011-08-19,3.55,3.55,3.45,3.55,33400,2.96
2011-08-18,3.56,3.56,3.54,3.55,52100,2.96
2011-08-17,3.55,3.60,3.55,3.60,111500,3.00
2011-08-16,3.50,3.55,3.50,3.55,2600,2.96
2011-08-15,3.50,3.50,3.50,3.50,18300,2.92
2011-08-12,3.46,3.46,3.46,3.46,2000,2.88
2011-08-11,3.45,3.46,3.45,3.45,9500,2.87
2011-08-10,3.35,3.50,3.35,3.50,10800,2.92
2011-08-09,3.34,3.34,3.28,3.31,30800,2.76
2011-08-08,3.32,3.32,3.28,3.30,51600,2.75
2011-08-05,3.50,3.55,3.32,3.32,542400,2.77
2011-08-04,3.55,3.56,3.55,3.55,46600,2.96
2011-08-03,3.60,3.60,3.55,3.55,43000,2.96
2011-08-02,3.61,3.61,3.61,3.61,700,3.01
2011-08-01,3.60,3.61,3.60,3.61,16700,3.01
2011-07-29,3.61,3.62,3.60,3.60,10400,3.00
2011-07-28,3.62,3.62,3.61,3.61,8200,3.01
2011-07-27,3.61,3.61,3.61,3.61,2000,3.01
2011-07-26,3.62,3.62,3.62,3.62,2200,3.02
2011-07-25,3.60,3.62,3.60,3.61,12700,3.01
2011-07-22,3.56,3.60,3.56,3.60,12300,3.00
2011-07-21,3.65,3.65,3.57,3.57,10400,2.97
2011-07-20,3.60,3.75,3.59,3.66,181700,3.05
2011-07-19,3.56,3.60,3.55,3.55,18100,2.96
2011-07-18,3.56,3.56,3.56,3.56,3000,2.97
2011-07-15,3.56,3.57,3.56,3.57,5700,2.97
2011-07-14,3.58,3.58,3.56,3.56,2500,2.97
2011-07-13,3.56,3.56,3.56,3.56,1700,2.97
2011-07-12,3.56,3.56,3.56,3.56,2700,2.97
2011-07-11,3.56,3.56,3.55,3.55,16500,2.96
2011-07-08,3.56,3.56,3.56,3.56,2700,2.97
2011-07-07,3.56,3.56,3.56,3.56,4000,2.97
2011-07-06,3.55,3.56,3.55,3.56,4200,2.97
2011-07-05,3.56,3.56,3.55,3.55,3000,2.96
2011-07-04,3.60,3.60,3.55,3.56,5500,2.97
2011-07-01,3.50,3.57,3.50,3.57,2400,2.97
2011-06-30,3.51,3.51,3.51,3.51,6200,2.92
2011-06-29,3.51,3.51,3.50,3.51,16800,2.92
2011-06-28,3.50,3.51,3.50,3.51,8400,2.92
2011-06-27,3.45,3.48,3.45,3.48,14000,2.90
2011-06-24,3.46,3.46,3.43,3.43,9100,2.86
2011-06-23,3.50,3.50,3.47,3.47,1500,2.89
2011-06-22,3.47,3.55,3.47,3.50,36700,2.92
2011-06-21,3.47,3.47,3.47,3.47,30700,2.89
2011-06-20,3.50,3.60,3.46,3.46,5600,2.88
2011-06-17,3.51,3.53,3.50,3.50,15100,2.92
2011-06-16,3.51,3.60,3.50,3.53,2800,2.94
2011-06-15,3.69,3.69,3.60,3.60,5200,3.00
2011-06-14,3.71,3.71,3.69,3.69,13800,3.07
2011-06-10,3.71,3.71,3.71,3.71,4200,3.09
2011-06-09,3.74,3.74,3.71,3.71,7400,3.09
2011-06-08,3.71,3.71,3.65,3.71,10200,3.09
2011-06-07,3.71,3.71,3.71,3.71,1100,3.09
2011-06-06,3.72,3.72,3.71,3.71,6700,3.09
2011-06-03,3.71,3.74,3.71,3.72,2300,3.10
2011-06-02,3.73,3.73,3.71,3.71,7700,3.09
2011-06-01,3.73,3.73,3.73,3.73,3600,3.11
2011-05-31,3.72,3.75,3.72,3.75,10600,3.12
2011-05-30,3.71,3.75,3.71,3.75,26800,3.12
2011-05-27,3.65,3.71,3.65,3.71,6000,3.09
2011-05-26,3.63,3.64,3.62,3.64,15500,3.03
2011-05-25,3.57,3.58,3.56,3.58,14500,2.98
2011-05-24,3.71,3.71,3.55,3.57,23200,2.97
2011-05-23,3.72,3.72,3.71,3.71,2700,3.09
2011-05-20,3.72,3.72,3.72,3.72,3700,3.10
2011-05-19,3.72,3.75,3.72,3.75,20900,3.12
2011-05-18,3.75,3.76,3.72,3.72,42300,3.10
2011-05-17,3.75,3.75,3.75,3.75,5000,3.12
2011-05-16,3.76,3.76,3.75,3.75,7700,3.12
2011-05-13,3.75,3.79,3.75,3.76,3600,3.13
2011-05-12,3.75,3.80,3.75,3.75,17000,3.12
2011-05-11,3.76,3.80,3.75,3.78,26500,3.15
2011-05-10,3.75,3.80,3.75,3.77,16600,3.14
2011-05-09,3.78,3.78,3.75,3.75,6500,3.12
2011-05-06,3.75,3.76,3.75,3.76,4700,3.13
2011-05-05,3.75,3.75,3.75,3.75,3400,3.12
2011-05-04,3.75,3.77,3.75,3.75,24200,3.12
2011-05-03,3.76,3.76,3.75,3.75,28800,3.12
2011-05-02,3.75,3.77,3.74,3.77,39300,3.14
2011-04-29,3.76,3.77,3.75,3.77,6700,3.14
2011-04-28,3.75,3.75,3.75,3.75,23100,3.12
2011-04-27,3.75,3.75,3.75,3.75,19200,3.12
2011-04-21,3.75,3.77,3.75,3.75,70700,3.12
2011-04-20,3.75,3.75,3.75,3.75,71900,3.12
2011-04-19,3.75,3.77,3.75,3.75,36700,3.12
2011-04-18,3.75,3.77,3.75,3.75,27300,3.12
2011-04-15,3.75,3.75,3.74,3.75,70500,3.12
2011-04-14,3.75,3.76,3.75,3.75,5500,3.12
2011-04-13,3.75,3.76,3.75,3.75,10300,3.12
2011-04-12,3.75,3.77,3.75,3.75,25900,3.12
2011-04-11,3.75,3.77,3.75,3.75,10500,3.12
2011-04-08,3.75,3.75,3.75,3.75,9800,3.12
2011-04-07,3.75,3.75,3.75,3.75,1600,3.12
2011-04-06,3.75,3.76,3.75,3.75,6900,3.12
2011-04-05,3.76,3.76,3.75,3.75,7500,3.12
2011-04-04,3.77,3.77,3.76,3.76,9100,3.13
2011-04-01,3.75,3.77,3.75,3.76,2700,3.13
2011-03-31,3.75,3.75,3.75,3.75,2300,3.12
2011-03-30,3.75,3.77,3.75,3.75,16500,3.12
2011-03-29,3.75,3.77,3.75,3.77,23800,3.14
2011-03-28,3.77,3.77,3.75,3.75,11300,3.12
2011-03-25,3.75,3.75,3.75,3.75,10900,3.12
2011-03-24,3.75,3.78,3.75,3.75,42100,3.12
2011-03-23,3.75,3.79,3.75,3.75,26200,3.12
2011-03-22,3.76,3.76,3.75,3.76,10800,3.13
2011-03-21,3.75,3.84,3.75,3.76,26000,3.13
2011-03-18,3.75,3.76,3.73,3.75,81600,3.12
2011-03-17,3.75,3.77,3.74,3.75,42600,3.12
2011-03-16,3.75,3.75,3.75,3.75,42200,3.12
2011-03-15,3.76,3.76,3.75,3.75,281800,3.12
2011-03-11,3.80,3.80,3.75,3.75,10200,3.12
2011-03-10,3.85,3.85,3.80,3.80,17600,3.17
2011-03-09,3.80,3.85,3.77,3.82,51600,3.18
2011-03-08,3.75,3.80,3.75,3.75,6600,3.12
2011-03-07,3.74,3.80,3.74,3.75,10500,3.12
2011-03-04,3.74,3.74,3.73,3.73,34400,3.11
2011-03-03,3.73,3.74,3.71,3.74,50800,3.12
2011-03-02,3.76,3.76,3.73,3.73,18400,3.11
2011-03-01,3.80,3.85,3.77,3.77,30400,3.14
2011-02-28,3.80,3.80,3.80,3.80,3500,3.17
2011-02-25,3.90,3.90,3.80,3.90,19800,3.15
2011-02-24,3.82,3.90,3.82,3.90,35100,3.15
2011-02-23,3.74,3.77,3.69,3.73,24600,3.01
2011-02-22,3.70,3.70,3.69,3.69,10600,2.98
2011-02-21,3.73,3.73,3.70,3.70,11800,2.99
2011-02-18,3.70,3.73,3.70,3.73,44200,3.01
2011-02-17,3.70,3.71,3.69,3.70,19700,2.99
2011-02-16,3.70,3.71,3.69,3.71,20400,3.00
2011-02-15,3.69,3.70,3.69,3.69,31500,2.98
2011-02-14,3.66,3.70,3.66,3.69,26600,2.98
2011-02-11,3.65,3.66,3.65,3.66,3000,2.95
2011-02-10,3.70,3.71,3.65,3.65,67200,2.95
2011-02-09,3.71,3.75,3.71,3.71,184800,3.00
2011-02-08,3.74,3.74,3.70,3.71,338200,3.00
2011-02-07,3.75,3.76,3.74,3.74,20400,3.02
2011-02-04,3.73,3.75,3.72,3.74,5300,3.02
2011-02-03,3.77,3.77,3.71,3.75,5500,3.03
2011-02-02,3.76,3.80,3.75,3.80,11300,3.07
2011-02-01,3.75,3.76,3.75,3.75,9400,3.03
2011-01-31,3.71,3.75,3.71,3.75,4700,3.03
2011-01-28,3.73,3.75,3.71,3.71,32100,3.00
2011-01-27,3.71,3.75,3.71,3.73,28800,3.01
2011-01-25,3.71,3.72,3.71,3.71,7500,3.00
2011-01-24,3.72,3.72,3.71,3.71,8200,3.00
2011-01-21,3.71,3.73,3.71,3.71,11700,3.00
2011-01-20,3.71,3.71,3.71,3.71,16900,3.00
2011-01-19,3.72,3.72,3.71,3.71,7700,3.00
2011-01-18,3.71,3.77,3.71,3.72,10500,3.00
2011-01-17,3.71,3.74,3.71,3.71,4600,3.00
2011-01-14,3.71,3.74,3.70,3.71,53500,3.00
2011-01-13,3.71,3.73,3.71,3.71,7200,3.00
2011-01-12,3.71,3.73,3.71,3.71,4800,3.00
2011-01-11,3.70,3.75,3.70,3.70,2300,2.99
2011-01-10,3.70,3.70,3.70,3.70,9100,2.99
2011-01-07,3.71,3.74,3.70,3.70,22100,2.99
2011-01-06,3.70,3.75,3.70,3.71,15500,3.00
2011-01-05,3.70,3.75,3.70,3.70,59000,2.99
2011-01-04,3.75,3.75,3.73,3.75,6700,3.03
2010-12-31,3.72,3.80,3.72,3.72,6200,3.00
2010-12-30,3.75,3.76,3.72,3.72,6400,3.00
2010-12-29,3.75,3.80,3.75,3.75,4600,3.03
2010-12-24,3.80,3.81,3.72,3.72,4000,3.00
2010-12-23,3.70,3.71,3.70,3.71,4800,3.00
2010-12-22,3.71,3.71,3.70,3.70,10500,2.99
2010-12-21,3.74,3.74,3.70,3.74,13700,3.02
2010-12-20,3.72,3.74,3.70,3.70,5900,2.99
2010-12-17,3.70,3.71,3.70,3.70,44200,2.99
2010-12-16,3.70,3.74,3.70,3.70,17300,2.99
2010-12-15,3.75,3.75,3.70,3.70,395300,2.99
2010-12-14,3.62,3.71,3.61,3.71,1067000,3.00
2010-12-13,3.60,3.62,3.60,3.61,55900,2.91
2010-12-10,3.60,3.69,3.60,3.62,67600,2.92
2010-12-09,3.62,3.63,3.59,3.60,54000,2.91
2010-12-08,3.60,3.62,3.60,3.62,9100,2.92
2010-12-07,3.60,3.69,3.60,3.69,19600,2.98
2010-12-06,3.61,3.65,3.60,3.60,7900,2.91
2010-12-03,3.60,3.69,3.60,3.61,6000,2.91
2010-12-02,3.70,3.73,3.60,3.60,255800,2.91
2010-12-01,3.60,3.70,3.60,3.62,37700,2.92
2010-11-30,3.68,3.72,3.65,3.65,5800,2.95
2010-11-29,3.70,3.70,3.65,3.65,8600,2.95
2010-11-26,3.72,3.76,3.70,3.70,14700,2.99
2010-11-25,3.73,3.75,3.70,3.72,12200,3.00
2010-11-24,3.72,3.79,3.66,3.70,21300,2.99
2010-11-23,3.80,3.80,3.72,3.72,13400,3.00
2010-11-22,3.70,3.80,3.70,3.80,14700,3.07
2010-11-19,3.62,3.70,3.62,3.70,13500,2.99
2010-11-18,3.70,3.72,3.61,3.62,22600,2.92
2010-11-17,3.71,3.71,3.70,3.70,134700,2.99
2010-11-16,3.78,3.78,3.70,3.71,45100,3.00
2010-11-15,3.70,3.78,3.70,3.78,12000,3.05
2010-11-12,3.72,3.76,3.71,3.71,17000,3.00
2010-11-11,3.70,3.77,3.70,3.71,62500,3.00
2010-11-10,3.68,3.78,3.65,3.70,61800,2.99
2010-11-09,3.60,3.68,3.57,3.68,12500,2.97
2010-11-08,3.56,3.65,3.55,3.56,12700,2.87
2010-11-05,3.50,3.65,3.50,3.56,47900,2.87
2010-11-04,3.46,3.55,3.46,3.50,37500,2.83
2010-11-03,3.46,3.50,3.46,3.46,14600,2.79
2010-11-02,3.37,3.45,3.37,3.45,276500,2.79
2010-11-01,3.30,3.45,3.30,3.35,4500,2.70
2010-10-28,3.49,3.50,3.41,3.41,9700,2.75
2010-10-27,3.55,3.55,3.49,3.49,14200,2.82
2010-10-26,3.57,3.60,3.46,3.49,42000,2.82
2010-10-25,3.55,3.65,3.55,3.57,18700,2.88
2010-10-22,3.50,3.55,3.46,3.55,35000,2.87
2010-10-21,3.43,3.48,3.42,3.45,37000,2.79
2010-10-20,3.47,3.48,3.40,3.42,43200,2.76
2010-10-19,3.40,3.48,3.40,3.48,25900,2.81
2010-10-18,3.40,3.48,3.39,3.41,23000,2.75
2010-10-15,3.40,3.48,3.38,3.38,17100,2.73
2010-10-14,3.37,3.40,3.34,3.40,13000,2.74
2010-10-13,3.33,3.40,3.33,3.36,17900,2.71
2010-10-12,3.32,3.38,3.32,3.32,20000,2.68
2010-10-11,3.32,3.32,3.32,3.32,12500,2.68
2010-10-08,3.31,3.35,3.31,3.32,20400,2.68
2010-10-07,3.30,3.34,3.30,3.31,305200,2.67
2010-10-06,3.26,3.30,3.26,3.28,63900,2.65
2010-10-05,3.26,3.30,3.25,3.26,26100,2.63
2010-10-04,3.24,3.27,3.24,3.25,10100,2.62
2010-10-01,3.22,3.23,3.20,3.22,46500,2.60
2010-09-30,3.25,3.29,3.19,3.20,24700,2.58
2010-09-29,3.20,3.30,3.18,3.25,31700,2.62
2010-09-28,3.18,3.21,3.18,3.20,6800,2.58
2010-09-27,3.16,3.20,3.15,3.18,251700,2.57
2010-09-24,3.15,3.20,3.15,3.20,2000,2.58
2010-09-23,3.14,3.19,3.14,3.14,7000,2.53
2010-09-22,3.17,3.20,3.14,3.14,11100,2.53
2010-09-21,3.16,3.20,3.16,3.17,9500,2.56
2010-09-20,3.20,3.22,3.16,3.16,5100,2.55
2010-09-17,3.15,3.19,3.15,3.19,106800,2.58
2010-09-16,3.11,3.14,3.11,3.14,76400,2.53
2010-09-15,3.15,3.15,3.10,3.10,21200,2.50
2010-09-14,3.18,3.18,3.15,3.15,35300,2.54
2010-09-13,3.21,3.21,3.15,3.15,103100,2.54
2010-09-10,3.24,3.24,3.21,3.21,16000,2.59
2010-09-09,3.25,3.30,3.24,3.24,10700,2.62
2010-09-08,3.16,3.30,3.16,3.22,19300,2.60
2010-09-07,3.09,3.16,3.09,3.16,13300,2.55
2010-09-06,3.10,3.10,3.06,3.07,36000,2.48
2010-09-03,3.01,3.09,3.01,3.06,9100,2.47
2010-09-02,3.08,3.08,3.07,3.08,40700,2.49
2010-09-01,3.08,3.08,3.01,3.07,71600,2.48
2010-08-31,3.07,3.10,3.07,3.08,9100,2.49
2010-08-30,3.07,3.15,3.07,3.07,37500,2.48
2010-08-27,3.15,3.16,3.02,3.08,579200,2.49
2010-08-26,3.14,3.20,3.14,3.15,49400,2.54
2010-08-25,3.15,3.24,3.14,3.15,189200,2.54
2010-08-24,3.00,3.15,3.00,3.15,91400,2.54
2010-08-23,3.00,3.00,3.00,3.00,15400,2.42
2010-08-20,3.01,3.04,3.00,3.00,14600,2.42
2010-08-19,3.05,3.05,3.00,3.00,5800,2.42
2010-08-18,3.04,3.10,3.01,3.05,11000,2.46
2010-08-17,3.00,3.01,3.00,3.00,5400,2.42
2010-08-16,3.01,3.01,3.00,3.00,12700,2.42
2010-08-13,3.01,3.06,3.01,3.05,26200,2.46
2010-08-12,3.00,3.00,3.00,3.00,2700,2.42
2010-08-11,3.00,3.05,2.98,3.05,35000,2.46
2010-08-10,3.00,3.00,2.95,3.00,50200,2.42
2010-08-09,3.03,3.03,3.00,3.00,62400,2.42
2010-08-06,3.01,3.10,3.00,3.03,18000,2.45
2010-08-05,3.02,3.02,3.01,3.01,5000,2.43
2010-08-04,3.02,3.02,3.02,3.02,7700,2.44
2010-08-03,3.00,3.02,3.00,3.02,4600,2.44
2010-08-02,3.07,3.07,3.00,3.00,7600,2.42
2010-07-30,3.06,3.06,2.99,3.00,13000,2.42
2010-07-29,3.07,3.12,3.06,3.06,11900,2.47
2010-07-28,3.15,3.15,3.07,3.07,18300,2.48
2010-07-27,3.11,3.11,3.10,3.11,15300,2.51
2010-07-26,3.12,3.12,3.11,3.11,4800,2.51
2010-07-23,3.12,3.18,3.12,3.12,7100,2.52
2010-07-22,3.12,3.12,3.12,3.12,12900,2.52
2010-07-21,3.12,3.12,3.12,3.12,3000,2.52
2010-07-20,3.15,3.15,3.12,3.12,11200,2.52
2010-07-19,3.15,3.15,3.12,3.12,27500,2.52
2010-07-16,3.16,3.17,3.15,3.15,13800,2.54
2010-07-15,3.16,3.16,3.15,3.15,17900,2.54
2010-07-14,3.15,3.18,3.15,3.16,2900,2.55
2010-07-13,3.15,3.17,3.15,3.15,17200,2.54
2010-07-12,3.15,3.15,3.12,3.15,24400,2.54
2010-07-09,3.12,3.12,3.12,3.12,5700,2.52
2010-07-08,3.15,3.16,3.15,3.15,13000,2.54
2010-07-07,3.13,3.14,3.13,3.13,8800,2.53
2010-07-06,3.13,3.16,3.13,3.13,28400,2.53
2010-07-05,3.15,3.18,3.13,3.13,12700,2.53
2010-07-02,3.15,3.15,3.15,3.15,11600,2.54
2010-07-01,3.13,3.15,3.12,3.15,26700,2.54
2010-06-30,3.12,3.12,3.12,3.12,9500,2.52
2010-06-29,3.12,3.12,3.12,3.12,8100,2.52
2010-06-28,3.15,3.15,3.12,3.12,12000,2.52
2010-06-25,3.15,3.15,3.15,3.15,12200,2.54
2010-06-24,3.17,3.20,3.15,3.15,20700,2.54
2010-06-23,3.17,3.17,3.17,3.17,10500,2.56
2010-06-22,3.11,3.18,3.11,3.17,10400,2.56
2010-06-21,3.12,3.12,3.10,3.11,24500,2.51
2010-06-18,3.13,3.15,3.12,3.12,11500,2.52
2010-06-17,3.12,3.15,3.12,3.13,8800,2.53
2010-06-16,3.15,3.15,3.12,3.12,25000,2.52
2010-06-15,3.15,3.15,3.12,3.15,14000,2.54
2010-06-11,3.12,3.15,3.12,3.12,11200,2.52
2010-06-10,3.14,3.14,3.12,3.13,6300,2.53
2010-06-09,3.11,3.13,3.11,3.12,31700,2.52
2010-06-08,3.11,3.12,3.11,3.11,23300,2.51
2010-06-07,3.11,3.13,3.11,3.13,7600,2.53
2010-06-04,3.11,3.11,3.11,3.11,8900,2.51
2010-06-03,3.11,3.17,3.11,3.11,22300,2.51
2010-06-02,3.11,3.15,3.11,3.11,9600,2.51
2010-06-01,3.16,3.16,3.10,3.10,13100,2.50
2010-05-31,3.15,3.16,3.15,3.16,12100,2.55
2010-05-28,3.12,3.15,3.12,3.15,35500,2.54
2010-05-27,3.15,3.15,3.15,3.15,321300,2.54
2010-05-26,3.15,3.15,3.12,3.15,162300,2.54
2010-05-25,3.10,3.15,3.10,3.15,21800,2.54
2010-05-24,3.12,3.13,3.11,3.11,7200,2.51
2010-05-21,3.12,3.15,3.12,3.12,70200,2.52
2010-05-20,3.13,3.20,3.13,3.15,80300,2.54
2010-05-19,3.13,3.16,3.13,3.13,7300,2.53
2010-05-18,3.12,3.12,3.10,3.12,30800,2.52
2010-05-17,3.12,3.13,3.10,3.13,116100,2.53
2010-05-14,3.20,3.20,3.15,3.17,46600,2.56
2010-05-13,3.23,3.31,3.18,3.18,26600,2.57
2010-05-12,3.17,3.22,3.17,3.20,15500,2.58
2010-05-11,3.12,3.16,3.12,3.16,7700,2.55
2010-05-10,3.10,3.15,3.07,3.14,23300,2.53
2010-05-07,3.10,3.10,3.00,3.10,44200,2.50
2010-05-06,3.16,3.20,3.10,3.10,59400,2.50
2010-05-05,3.16,3.16,3.12,3.15,9600,2.54
2010-05-04,3.12,3.20,3.12,3.14,18400,2.53
2010-05-03,3.10,3.12,3.00,3.10,46900,2.50
2010-04-30,3.16,3.21,3.10,3.10,29200,2.50
2010-04-29,3.17,3.20,3.16,3.20,14800,2.58
2010-04-28,3.13,3.20,3.07,3.17,25900,2.56
2010-04-27,3.29,3.29,3.02,3.13,62500,2.53
2010-04-23,3.30,3.30,3.26,3.26,37300,2.63
2010-04-22,3.31,3.35,3.29,3.30,27900,2.66
2010-04-21,3.29,3.29,3.29,3.29,8500,2.66
2010-04-20,3.35,3.35,3.28,3.29,52600,2.66
2010-04-19,3.40,3.40,3.33,3.35,22800,2.70
2010-04-16,3.40,3.41,3.39,3.39,18900,2.74
2010-04-15,3.40,3.41,3.38,3.39,26200,2.74
2010-04-14,3.40,3.40,3.36,3.40,30500,2.74
2010-04-13,3.38,3.40,3.36,3.40,16000,2.74
2010-04-12,3.36,3.51,3.36,3.38,37900,2.73
2010-04-09,3.34,3.38,3.34,3.35,13600,2.70
2010-04-08,3.35,3.35,3.33,3.34,13400,2.70
2010-04-07,3.35,3.35,3.32,3.35,17900,2.70
2010-04-06,3.35,3.40,3.35,3.35,21100,2.70
